{
  "posts": [
    {
      "id": "1",
      "title": "json-server",
      "userId": "1"
    },
    {
      "id": "2",
      "title": "json-server",
      "userId": "2"
    }
  ],
  "comments": [
    {
      "id": "1",
      "body": "some comment",
      "postId": "1"
    }
  ],
  "users": [
    {
      "id": "1",
      "username": "admin",
      "password": "123"
    }
  ],
  "profile": {
    "first": "Тимур",
    "lastname": "Ульби",
    "age": 22,
    "currency": "RUB",
    "country": "Russia",
    "city": "Moscow",
    "username": "admin",
    "avatar": "https://pic.rutubelist.ru/user/3b/27/3b2758ad5492a76b578f7ee072e4e894.jpg"
  }
}
